profil,jour,minutes,niveau,xp_totale,palier,folios_gagnes,folios_en_poche,objets_possedes
Solo20,1,20,13,5258,4,850,250,1
Solo20,2,41,18,10567,7,1705,505,3
Solo20,3,61,22,15025,9,2275,475,4
Solo20,4,81,24,19533,10,2640,240,6
Solo20,5,102,27,24091,12,3450,1050,6
Solo20,6,122,29,28750,14,4200,0,7
Solo20,7,142,31,33608,16,4760,560,8
Solo20,8,163,33,39766,18,5845,1645,8
Solo20,9,183,34,44174,19,6385,385,9
Solo20,10,203,36,48633,20,6750,750,10
Solo20,11,224,37,53141,21,7360,1360,10
Solo20,12,244,39,57699,23,8775,975,11
Solo20,13,264,40,62358,24,9520,1720,11
Solo20,14,285,41,67216,25,9935,335,13
Solo20,15,305,43,73374,27,11695,2095,13
Solo20,16,326,44,77782,28,12400,2800,13
Solo20,17,346,45,82241,29,13600,0,14
Solo20,18,366,46,86749,30,14015,415,15
Solo20,19,387,47,91307,31,14835,1235,15
Solo20,20,407,48,95965,32,15725,2125,15
Solo20,21,427,49,100824,33,16585,2985,15
Solo20,22,448,50,106082,34,18090,4490,15
Solo20,23,468,51,111390,35,18680,1080,17
Solo20,24,488,52,115849,36,19555,1955,17
Solo20,25,509,53,120357,37,20475,2875,17
Solo20,26,529,54,124915,38,21440,3840,17
Solo20,27,549,55,129573,39,23055,5455,17
Solo20,28,570,56,134432,39,23520,5920,17
Solo20,29,590,57,139690,40,24010,2410,19
Solo20,30,610,57,144998,41,25125,3525,19
Solo20,31,631,58,149456,42,26115,4515,19
Solo20,32,651,59,153965,43,27180,5580,19
Solo20,33,671,60,158523,44,28920,7320,19
Solo20,34,692,60,163181,44,29360,7760,19
Solo20,35,712,61,168040,45,30050,450,21
Solo20,36,732,62,173298,46,31365,1765,21
Solo20,37,753,63,178606,47,32805,3205,21
Solo20,38,773,64,183064,48,34170,4570,21
Solo20,39,793,64,187573,48,34560,4960,21
Solo20,40,814,65,192131,49,36875,7275,21
Solo20,41,834,66,196789,50,37340,7740,22
Solo20,42,855,66,201647,50,38055,8455,22
Solo20,43,875,67,207806,50,38795,1195,23
Solo20,44,895,68,212214,50,39160,1560,23
Solo20,45,916,68,216672,50,39550,1950,23
Solo20,46,936,69,221181,50,39965,2365,23
Solo20,47,956,69,225739,50,40905,3305,23
Solo20,48,977,70,230397,50,42095,4495,23
Solo20,49,997,71,235255,50,42835,5235,23
Solo20,50,1017,71,241414,50,43600,6000,23
Solo20,51,1038,72,245822,50,43990,6390,23
Solo20,52,1058,73,250280,50,44405,6805,23
Solo20,53,1078,73,254788,50,44845,7245,23
Solo20,54,1099,74,259347,50,45310,7710,23
Solo20,55,1119,74,264005,50,45825,225,24
Solo20,56,1139,75,268863,50,47340,1740,24
Solo20,57,1160,76,275022,50,48030,2430,24
Solo20,58,1180,76,279430,50,48345,2745,24
Solo20,59,1200,77,283888,50,48685,3085,24
Solo20,60,1221,77,288396,50,49050,3450,24
Pvp20,1,21,12,4246,4,1020,420,1
Pvp20,2,42,17,9191,7,2045,845,3
Pvp20,3,62,20,13287,9,2935,1135,4
Pvp20,4,83,24,18582,12,4140,1740,6
Pvp20,5,104,26,22778,14,5310,1110,7
Pvp20,6,125,28,26823,16,6190,190,9
Pvp20,7,146,30,31569,18,7320,1320,9
Pvp20,8,166,31,35564,19,8305,505,10
Pvp20,9,187,33,40510,21,9385,1585,11
Pvp20,10,208,35,44605,22,10310,2510,11
Pvp20,11,229,36,49651,24,11760,2160,12
Pvp20,12,250,38,53847,25,12495,2895,13
Pvp20,13,270,39,58142,27,14050,450,14
Pvp20,14,291,40,62888,28,15175,1575,14
Pvp20,15,312,42,68033,30,16445,2845,15
Pvp20,16,333,43,72979,31,17710,110,16
Pvp20,17,354,44,77324,32,18870,1270,16
Pvp20,18,374,45,82370,34,21115,3515,16
Pvp20,19,395,46,86815,35,21925,4325,17
Pvp20,20,416,47,91111,36,23195,1595,18
Pvp20,21,437,48,95356,37,24385,2785,18
Pvp20,22,458,49,99602,38,25620,4020,18
Pvp20,23,478,50,104548,39,27580,5980,18
Pvp20,24,499,51,108643,40,28715,7115,19
Pvp20,25,520,52,113939,41,30325,725,20
Pvp20,26,541,53,118384,42,31810,2210,20
Pvp20,27,562,54,122680,43,33345,3745,20
Pvp20,28,582,54,127425,44,34930,5330,20
Pvp20,29,603,55,131421,45,36090,6490,21
Pvp20,30,624,56,136616,46,37775,8175,21
Pvp20,31,645,57,140712,47,39335,1735,22
Pvp20,32,666,58,146008,48,41270,3670,22
Pvp20,33,686,58,150453,49,43280,5680,22
Pvp20,34,707,59,154999,50,44090,6490,23
Pvp20,35,728,60,159744,50,45750,150,24
Pvp20,36,749,61,163990,50,46435,835,24
Pvp20,37,770,61,168935,50,47295,1695,24
Pvp20,38,790,62,173281,50,48030,2430,24
Pvp20,39,811,63,178326,50,48940,3340,24
Pvp20,40,832,63,182772,50,49725,4125,24
Pvp20,41,853,64,187317,50,50560,4960,24
Pvp20,42,874,65,191813,50,52745,7145,24
Pvp20,43,894,65,196709,50,53605,8005,24
Pvp20,44,915,66,201904,50,54540,8940,24
Pvp20,45,936,67,206000,50,55250,9650,24
Pvp20,46,957,68,211295,50,56235,10635,24
Pvp20,47,978,68,215741,50,57045,11445,24
Pvp20,48,998,69,220036,50,57855,12255,24
Pvp20,49,1019,69,224782,50,58965,13365,24
Pvp20,50,1040,70,229927,50,60600,15000,24
Pvp20,51,1061,71,234223,50,61360,15760,24
Pvp20,52,1082,71,238568,50,62145,16545,24
Pvp20,53,1102,72,243614,50,63105,17505,24
Pvp20,54,1123,72,248060,50,63940,18340,24
Pvp20,55,1144,73,252605,50,64825,19225,24
Pvp20,56,1165,73,257351,50,65960,20360,24
Pvp20,57,1186,74,262246,50,66770,21170,24
Pvp20,58,1206,75,267442,50,68405,22805,24
Pvp20,59,1227,75,271537,50,69065,23465,24
Pvp20,60,1248,76,275933,50,69800,24200,24
Pvp60,1,62,19,10817,8,2225,1025,3
Pvp60,2,125,25,21683,13,4505,905,6
Pvp60,3,187,30,31700,18,6770,770,9
Pvp60,4,250,34,41767,21,8630,2630,10
Pvp60,5,312,37,51883,25,11025,3225,12
Pvp60,6,374,40,61850,28,13450,3850,13
Pvp60,7,437,43,72266,31,15655,2055,15
Pvp60,8,499,45,83083,34,19355,1755,16
Pvp60,9,562,48,93950,37,21910,310,18
Pvp60,10,624,50,104866,39,25100,3500,18
Pvp60,11,686,52,114933,42,27815,6215,19
Pvp60,12,749,54,125050,44,30755,1155,20
Pvp60,13,811,56,135266,46,33645,4045,21
Pvp60,14,874,58,145683,48,37535,7935,21
Pvp60,15,936,60,157400,50,41200,3600,23
Pvp60,16,998,61,168266,50,42840,5240,23
Pvp60,17,1061,63,178283,50,44305,6705,23
Pvp60,18,1123,64,188100,50,45745,145,24
Pvp60,19,1186,66,198216,50,47910,2310,24
Pvp60,20,1248,67,208433,50,49475,3875,24
Pvp60,21,1310,69,218599,50,50940,5340,24
Pvp60,22,1373,70,229416,50,53280,7680,24
Pvp60,23,1435,71,240283,50,54945,9345,24
Pvp60,24,1498,73,250299,50,56435,10835,24
Pvp60,25,1560,74,260366,50,57950,12350,24
Pvp60,26,1622,75,270483,50,60740,15140,24
Pvp60,27,1685,76,280699,50,62330,16730,24
Pvp60,28,1747,77,291116,50,63870,18270,24
Pvp60,29,1810,79,301933,50,65435,19835,24
Pvp60,30,1872,80,312799,50,67825,22225,24
Pvp60,31,1934,81,322816,50,69240,23640,24
Pvp60,32,1997,82,332883,50,70680,25080,24
Pvp60,33,2059,83,342999,50,72145,26545,24
Pvp60,34,2122,84,353216,50,73660,28060,24
Pvp60,35,2184,85,363632,50,76275,30675,24
Pvp60,36,2246,86,374449,50,77865,32265,24
Pvp60,37,2309,87,385316,50,79480,33880,24
Pvp60,38,2371,88,395332,50,80920,35320,24
Pvp60,39,2434,89,405149,50,82335,36735,24
Pvp60,40,2496,90,415266,50,84725,39125,24
Pvp60,41,2558,91,425482,50,86265,40665,24
Pvp60,42,2621,92,435899,50,88055,42455,24
Pvp60,43,2683,93,447616,50,89870,44270,24
Pvp60,44,2746,94,458482,50,92010,46410,24
Pvp60,45,2808,95,468499,50,94425,48825,24
Pvp60,46,2870,96,478566,50,95915,50315,24
Pvp60,47,2933,97,488682,50,97430,51830,24
Pvp60,48,2995,97,498649,50,98945,53345,24
Pvp60,49,3058,98,509065,50,100760,55160,24
Pvp60,50,3120,99,519882,50,102400,56800,24
Pvp60,51,3182,100,530749,50,105065,59465,24
Pvp60,52,3245,100,541665,50,106755,61155,24
Pvp60,53,3307,100,551732,50,108270,62670,24
Pvp60,54,3370,100,561849,50,109810,64210,24
Pvp60,55,3432,100,572065,50,111400,65800,24
Pvp60,56,3494,100,582482,50,113240,67640,24
Pvp60,57,3557,100,594199,50,115005,69405,24
Pvp60,58,3619,100,604165,50,116395,70795,24
Pvp60,59,3682,100,613932,50,117760,72160,24
Pvp60,60,3744,100,623999,50,119200,73600,24
Farmer,1,60,11,3610,2,800,200,1
Farmer,2,120,15,6370,3,1285,85,2
Farmer,3,180,17,9180,3,2075,275,3
Farmer,4,240,20,12040,4,2470,70,4
Farmer,5,300,21,14950,5,3210,810,5
Farmer,6,360,23,17960,6,3690,1290,5
Farmer,7,421,25,21170,6,4030,1630,5
Farmer,8,481,27,25430,8,4855,655,6
Farmer,9,541,28,28190,8,5145,945,6
Farmer,10,601,30,31000,9,5580,1380,6
Farmer,11,661,31,33860,9,5920,1720,6
Farmer,12,721,32,36770,10,6285,285,8
Farmer,13,781,33,39780,11,6830,830,8
Farmer,14,841,34,42990,11,7195,1195,8
Farmer,15,901,36,47500,12,8025,225,9
Farmer,16,961,36,50260,13,8990,1190,9
Farmer,17,1021,37,53070,13,9330,1530,9
Farmer,18,1081,38,55680,14,9805,2005,9
Farmer,19,1141,39,58590,14,10195,2395,9
Farmer,20,1201,40,61600,15,10635,2835,10
Farmer,21,1262,41,64560,15,10975,1375,11
Farmer,22,1322,42,68170,16,11660,2060,11
Farmer,23,1382,42,70930,16,12000,2400,11
Farmer,24,1442,43,73740,17,12545,2945,11
Farmer,25,1502,44,76600,17,12935,3335,11
Farmer,26,1562,44,79260,17,13300,3700,11
Farmer,27,1622,45,82020,18,14355,755,12
Farmer,28,1682,46,85230,18,14770,1170,12
Farmer,29,1742,47,88840,19,15410,1810,12
Farmer,30,1802,47,91350,19,15625,2025,12
Farmer,31,1862,48,94160,20,15915,2315,13
Farmer,32,1922,48,96770,20,16180,2580,13
Farmer,33,1982,49,99680,20,16520,2920,13
Farmer,34,2043,50,102690,21,17630,30,14
Farmer,35,2103,50,105900,21,18270,670,14
Farmer,36,2163,51,109510,22,18975,1375,14
Farmer,37,2223,52,112270,22,19265,1665,14
Farmer,38,2283,52,115080,22,19580,1980,14
Farmer,39,2343,53,117690,23,20130,2530,14
Farmer,40,2403,53,120600,23,20495,2895,14
Farmer,41,2463,54,123610,23,20910,3310,14
Farmer,42,2523,54,126820,24,21855,4255,14
Farmer,43,2583,55,131330,25,23095,5495,15
Farmer,44,2643,56,134090,25,23410,5810,15
Farmer,45,2703,56,136900,25,23750,6150,15
Farmer,46,2763,57,139760,26,24415,6815,15
Farmer,47,2823,57,142670,26,24805,3205,16
Farmer,48,2884,58,145430,26,25195,3595,16
Farmer,49,2944,58,148640,27,26205,4605,16
Farmer,50,3004,59,153150,27,26920,5320,16
Farmer,51,3064,59,155910,28,27600,6000,16
Farmer,52,3124,60,158720,28,28565,6965,16
Farmer,53,3184,60,161580,28,28955,7355,16
Farmer,54,3244,61,164490,29,29730,130,17
Farmer,55,3304,61,167250,29,30145,545,17
Farmer,56,3364,62,170460,29,30860,1260,17
Farmer,57,3424,62,174970,30,31500,1900,18
Farmer,58,3484,63,177730,30,31765,2165,18
Farmer,59,3544,63,180540,31,32435,2835,18
Farmer,60,3604,64,183400,31,32750,3150,18
